Product_ID,Product_Name,Price
1,Product_1,15895
2,Product_2,960
3,Product_3,38258
4,Product_4,44832
5,Product_5,11384
6,Product_6,6365
7,Product_7,16950
8,Product_8,37294
9,Product_9,22062
10,Product_10,47291
11,Product_11,44231
12,Product_12,16123
13,Product_13,41190
14,Product_14,1785
15,Product_15,869
16,Product_16,2533
17,Product_17,5411
18,Product_18,37919
19,Product_19,39288
20,Product_20,17668
21,Product_21,19869
22,Product_22,28793
23,Product_23,6496
24,Product_24,27580
25,Product_25,41534
26,Product_26,25758
27,Product_27,19042
28,Product_28,18531
29,Product_29,2847
30,Product_30,289
31,Product_31,19218
32,Product_32,35873
33,Product_33,1999
34,Product_34,1367
35,Product_35,31651
36,Product_36,11494
37,Product_37,3656
38,Product_38,3990
39,Product_39,41706
40,Product_40,30840
41,Product_41,14602
42,Product_42,21877
43,Product_43,10727
44,Product_44,8892
45,Product_45,43423
46,Product_46,43121
47,Product_47,8533
48,Product_48,43101
49,Product_49,11116
50,Product_50,23997
